{
  "userdata" : [
      {
        "name": "Priya Mehta",
        "age": "32",
        "id": "P0897",
        "Sugar" :  "140 mg/d",
        "Haemoglobin" : "140 mg/dL",
        "whitebloodCell" : "140 mg/dL", 
        "Lymohocyle" : "3800", 
        "RedBloodCell" : "4.9 million cell/mcL",                   
        "Calories" : "230",                   
        "activity": {
          "labels": ["Mon", "Tue", "Web", "Thu", "Fri", "Sat", "Sun"],   
          "datasets": [{
            "label": "Users",                         
            "data": [120, 60, 50, 180, 45]           
          }]
        },
        "heartRate": {
          "labels": ["9AM", "10AM", "11AM", "12AM", "1PM", "2PM"],   
          "datasets": [{
            "label": "Users",                         
            "data": [120, 60, 50, 180, 120, 40]           
          }]
        },
        "bloodPressure": {
          "labels": ["Mon", "Tue", "Web", "Thu", "Fri", "Sat", "Sun"],   
          "datasets": [{
            "label": "Users",                         
            "data": [130, 25, 90, 148, 45,15, 56]           
          }]
        },
        "bodyTemperature": {
          "labels": ["Mon", "Tue", "Web", "Thu", "Fri", "Sat", "Sun"],   
          "datasets": [{
            "label": "Users",                         
            "data": [120, 60, 50, 180, 120]           
          }]
        },
        "HealthConditions": {
          "labels": ["week1", "week2", "week3", "week4"],   
          "datasets": [{
            "label": "Users",                         
            "data": [35, 90, 100,150]           
          }]
        }
      }
    ]
}
